{
	"Walls": {
		"1": [
			[
				5.4,
				0,
				0
			],
			[
				5.4,
				0,
				2.85
			],
			[
				0,
				0,
				2.85
			],
			[
				0,
				0,
				0
			]
		],
		"2": [
			[
				5.4,
				8.8,
				0
			],
			[
				5.4,
				8.8,
				2.85
			],
			[
				5.4,
				0,
				2.85
			],
			[
				5.4,
				0,
				0
			]
		],
		"3": [
			[
				0,
				0,
				0
			],
			[
				0,
				0,
				2.85
			],
			[
				0,
				8.8,
				2.85
			],
			[
				0,
				8.8,
				0
			]
		],
		"4": [
			[
				0,
				8.8,
				0
			],
			[
				0,
				8.8,
				2.85
			],
			[
				5.4,
				8.8,
				2.85
			],
			[
				5.4,
				8.8,
				0
			]
		]
	},
	"Cameras": {
		"1": {
			"point": [
				3.7,
				0.84,
				1.2
			],
			"direction": [
				3.6999999999999997,
				5.84,
				1.2
			]
		},
		"2": {
			"point": [
				2.7,
				0.05,
				2.8
			],
			"direction": [
				2.6999999999999997,
				6.054619377426763,
				0.0
			]
		}
	}
}